{"onset": {"Linear (raw voltage)": {"mean": 0.5393842708893604, "sem": 0.012728990967422544}, "Linear (spectrogram)": {"mean": 0.620966415852515, "sem": 0.024303287026343035}, "Linear (Laplacian re-referencing + spectrogram)": {"mean": 0.6725080174475765, "sem": 0.036935331231784024}, "BrainBERT (untrained, frozen)": {"mean": 0.5847226936624329, "sem": 0.013649317251804571}, "BrainBERT (frozen; Wang et al. 2023)": {"mean": 0.5818791266600598, "sem": 0.013406750075928604}, "PopulationTransformer (Chau et al. 2024)": {"mean": 0.6382138679818021, "sem": 0.0314952687223147}}, "speech": {"Linear (raw voltage)": {"mean": 0.5078516215268771, "sem": 0.005963419267751846}, "Linear (spectrogram)": {"mean": 0.5854904513395912, "sem": 0.01807392781066799}, "Linear (Laplacian re-referencing + spectrogram)": {"mean": 0.6417602478164872, "sem": 0.03784275623969712}, "BrainBERT (untrained, frozen)": {"mean": 0.5370190533010673, "sem": 0.007240868774056451}, "BrainBERT (frozen; Wang et al. 2023)": {"mean": 0.5366846463860441, "sem": 0.004961506445644722}, "PopulationTransformer (Chau et al. 2024)": {"mean": 0.5939541279375349, "sem": 0.03543940128306773}}, "volume": {"Linear (raw voltage)": {"mean": 0.5127294657243121, "sem": 0.0038998828790183016}, "Linear (spectrogram)": {"mean": 0.5302881749513674, "sem": 0.008460776964200329}, "Linear (Laplacian re-referencing + spectrogram)": {"mean": 0.5270944323090276, "sem": 0.010454948326696472}, "BrainBERT (untrained, frozen)": {"mean": 0.5235007150441094, "sem": 0.002959303172537818}, "BrainBERT (frozen; Wang et al. 2023)": {"mean": 0.5211533578670887, "sem": 0.0030362421249497777}, "PopulationTransformer (Chau et al. 2024)": {"mean": 0.5255863669881311, "sem": 0.011720996181330632}}, "delta_volume": {"Linear (raw voltage)": {"mean": 0.532647859655156, "sem": 0.009524355147844875}, "Linear (spectrogram)": {"mean": 0.5545044957444661, "sem": 0.011269029497943655}, "Linear (Laplacian re-referencing + spectrogram)": {"mean": 0.5676431969006337, "sem": 0.013293967665445184}, "BrainBERT (untrained, frozen)": {"mean": 0.5899204706795028, "sem": 0.01003022500439407}, "BrainBERT (frozen; Wang et al. 2023)": {"mean": 0.5741008953064825, "sem": 0.009566465591738647}, "PopulationTransformer (Chau et al. 2024)": {"mean": 0.5732736174503171, "sem": 0.01584609988096823}}, "pitch": {"Linear (raw voltage)": {"mean": 0.5025555574298075, "sem": 0.0022487527615981623}, "Linear (spectrogram)": {"mean": 0.5046995877953545, "sem": 0.004687033102144883}, "Linear (Laplacian re-referencing + spectrogram)": {"mean": 0.5049959821414098, "sem": 0.0015446003113595093}, "BrainBERT (untrained, frozen)": {"mean": 0.5052929578410733, "sem": 0.0029769773895556846}, "BrainBERT (frozen; Wang et al. 2023)": {"mean": 0.5067476134947295, "sem": 0.002163555935430451}, "PopulationTransformer (Chau et al. 2024)": {"mean": 0.5087889748593314, "sem": 0.005206765924665199}}, "word_index": {"Linear (raw voltage)": {"mean": 0.5391936337178298, "sem": 0.009014620363737654}, "Linear (spectrogram)": {"mean": 0.5523103335876006, "sem": 0.012917110321033062}, "Linear (Laplacian re-referencing + spectrogram)": {"mean": 0.5708559492777121, "sem": 0.022065549246269037}, "BrainBERT (untrained, frozen)": {"mean": 0.5737239855453393, "sem": 0.01501220232254837}, "BrainBERT (frozen; Wang et al. 2023)": {"mean": 0.5488573065934904, "sem": 0.01189794393139682}, "PopulationTransformer (Chau et al. 2024)": {"mean": 0.5028125407280176, "sem": 0.007109920396917598}}, "word_gap": {"Linear (raw voltage)": {"mean": 0.5106309234367199, "sem": 0.002758560302885834}, "Linear (spectrogram)": {"mean": 0.508380501264954, "sem": 0.00642947505142849}, "Linear (Laplacian re-referencing + spectrogram)": {"mean": 0.5153432004166074, "sem": 0.00782724041441612}, "BrainBERT (untrained, frozen)": {"mean": 0.5128339688457968, "sem": 0.00337106022423542}, "BrainBERT (frozen; Wang et al. 2023)": {"mean": 0.5097431792137159, "sem": 0.002595625064466918}, "PopulationTransformer (Chau et al. 2024)": {"mean": 0.5187326687839733, "sem": 0.004527786566252115}}, "gpt2_surprisal": {"Linear (raw voltage)": {"mean": 0.510400107647385, "sem": 0.00488058713518194}, "Linear (spectrogram)": {"mean": 0.5095880195018527, "sem": 0.0041607593590571815}, "Linear (Laplacian re-referencing + spectrogram)": {"mean": 0.5075551846015864, "sem": 0.0029869710524029268}, "BrainBERT (untrained, frozen)": {"mean": 0.5217494999359755, "sem": 0.004960473327469379}, "BrainBERT (frozen; Wang et al. 2023)": {"mean": 0.5112820334118661, "sem": 0.003821455251990175}, "PopulationTransformer (Chau et al. 2024)": {"mean": 0.5215371954855483, "sem": 0.00741632116850486}}, "word_head_pos": {"Linear (raw voltage)": {"mean": 0.5040233142857142, "sem": 0.002778752422772744}, "Linear (spectrogram)": {"mean": 0.5108044489795919, "sem": 0.003944301351294152}, "Linear (Laplacian re-referencing + spectrogram)": {"mean": 0.5214039918367347, "sem": 0.007649298243256524}, "BrainBERT (untrained, frozen)": {"mean": 0.5302081306122448, "sem": 0.004670379960733317}, "BrainBERT (frozen; Wang et al. 2023)": {"mean": 0.5235482857142857, "sem": 0.0038073535261827366}, "PopulationTransformer (Chau et al. 2024)": {"mean": 0.5092709224489795, "sem": 0.006782107942253763}}, "word_part_speech": {"Linear (raw voltage)": {"mean": 0.49521091351783203, "sem": 0.003376780182176183}, "Linear (spectrogram)": {"mean": 0.5089421243296359, "sem": 0.003174051291940868}, "Linear (Laplacian re-referencing + spectrogram)": {"mean": 0.5077270671516925, "sem": 0.0058993826672014025}, "BrainBERT (untrained, frozen)": {"mean": 0.5170128742582842, "sem": 0.0026263963620605743}, "BrainBERT (frozen; Wang et al. 2023)": {"mean": 0.5094528944332372, "sem": 0.003812057665519348}, "PopulationTransformer (Chau et al. 2024)": {"mean": 0.4976522002374407, "sem": 0.004579154873814725}}, "word_length": {"Linear (raw voltage)": {"mean": 0.5021950253533263, "sem": 0.0027177815263827645}, "Linear (spectrogram)": {"mean": 0.5089122698846453, "sem": 0.003231942173194771}, "Linear (Laplacian re-referencing + spectrogram)": {"mean": 0.5084940690671776, "sem": 0.0049415419605701545}, "BrainBERT (untrained, frozen)": {"mean": 0.5093705086199115, "sem": 0.003851951044623928}, "BrainBERT (frozen; Wang et al. 2023)": {"mean": 0.5044555501020885, "sem": 0.004362700251754151}, "PopulationTransformer (Chau et al. 2024)": {"mean": 0.497965979425277, "sem": 0.003545200448832174}}, "global_flow": {"Linear (raw voltage)": {"mean": 0.500344863130706, "sem": 0.004038210806189043}, "Linear (spectrogram)": {"mean": 0.5084890259073267, "sem": 0.006615861537914063}, "Linear (Laplacian re-referencing + spectrogram)": {"mean": 0.5154807553332572, "sem": 0.0051275459221595526}, "BrainBERT (untrained, frozen)": {"mean": 0.5028495726628818, "sem": 0.0027831487029523123}, "BrainBERT (frozen; Wang et al. 2023)": {"mean": 0.5013578206781204, "sem": 0.002425792874677409}, "PopulationTransformer (Chau et al. 2024)": {"mean": 0.502707670378616, "sem": 0.007476306231243734}}, "local_flow": {"Linear (raw voltage)": {"mean": 0.49984342446575686, "sem": 0.0024313139405690715}, "Linear (spectrogram)": {"mean": 0.5056967121996857, "sem": 0.009202885299175116}, "Linear (Laplacian re-referencing + spectrogram)": {"mean": 0.5130579037378414, "sem": 0.0049814400719200265}, "BrainBERT (untrained, frozen)": {"mean": 0.5010044227776317, "sem": 0.005728985365178126}, "BrainBERT (frozen; Wang et al. 2023)": {"mean": 0.4983052080914129, "sem": 0.004426609010829564}, "PopulationTransformer (Chau et al. 2024)": {"mean": 0.4995975315455555, "sem": 0.009828909526712086}}, "frame_brightness": {"Linear (raw voltage)": {"mean": 0.49343129481938675, "sem": 0.002213643942036575}, "Linear (spectrogram)": {"mean": 0.5144482216554799, "sem": 0.007536268508790777}, "Linear (Laplacian re-referencing + spectrogram)": {"mean": 0.4988952435339999, "sem": 0.004309053436887819}, "BrainBERT (untrained, frozen)": {"mean": 0.5016732586211367,