{"onset": {"Linear (raw voltage)": {"mean": 0.7946344226990045, "sem": 0.02088366095302773}, "Linear (spectrogram)": {"mean": 0.850896658578094, "sem": 0.024975956327228398}, "Linear (Laplacian re-referencing + spectrogram)": {"mean": 0.8906447564354948, "sem": 0.01832697460488791}, "BrainBERT (untrained, frozen)": {"mean": 0.7504366599870534, "sem": 0.027895804488763325}, "BrainBERT (frozen; Wang et al. 2023)": {"mean": 0.756887153929001, "sem": 0.027121911153590285}, "PopulationTransformer (Chau et al. 2024)": {"mean": 0.6890817868260242, "sem": 0.04983809995950341}}, "speech": {"Linear (raw voltage)": {"mean": 0.6556600969552012, "sem": 0.022473612022070582}, "Linear (spectrogram)": {"mean": 0.825206509315714, "sem": 0.027853718580405678}, "Linear (Laplacian re-referencing + spectrogram)": {"mean": 0.8827203382974811, "sem": 0.018379762541912495}, "BrainBERT (untrained, frozen)": {"mean": 0.6028250158509308, "sem": 0.019798842911572304}, "BrainBERT (frozen; Wang et al. 2023)": {"mean": 0.6107349607798643, "sem": 0.021969289176331345}, "PopulationTransformer (Chau et al. 2024)": {"mean": 0.6772132111018907, "sem": 0.04430268670287849}}, "volume": {"Linear (raw voltage)": {"mean": 0.594828271829113, "sem": 0.015003481588647555}, "Linear (spectrogram)": {"mean": 0.7260237129857109, "sem": 0.03763445572837617}, "Linear (Laplacian re-referencing + spectrogram)": {"mean": 0.7165545700623515, "sem": 0.031841223142850594}, "BrainBERT (untrained, frozen)": {"mean": 0.5701706398260535, "sem": 0.008313582406945585}, "BrainBERT (frozen; Wang et al. 2023)": {"mean": 0.582977598731348, "sem": 0.010079447170341106}, "PopulationTransformer (Chau et al. 2024)": {"mean": 0.5758388790402137, "sem": 0.01813838263510505}}, "delta_volume": {"Linear (raw voltage)": {"mean": 0.7530842463682333, "sem": 0.018688627479545455}, "Linear (spectrogram)": {"mean": 0.718109422547088, "sem": 0.024765923137603577}, "Linear (Laplacian re-referencing + spectrogram)": {"mean": 0.7622677247742562, "sem": 0.025832660806417}, "BrainBERT (untrained, frozen)": {"mean": 0.6973676915343016, "sem": 0.0199836229466651}, "BrainBERT (frozen; Wang et al. 2023)": {"mean": 0.7062372937616047, "sem": 0.02076390075017072}, "PopulationTransformer (Chau et al. 2024)": {"mean": 0.6284629990081053, "sem": 0.025196649285199425}}, "pitch": {"Linear (raw voltage)": {"mean": 0.5357987418743024, "sem": 0.004813161919564632}, "Linear (spectrogram)": {"mean": 0.569821732415493, "sem": 0.011455140529053272}, "Linear (Laplacian re-referencing + spectrogram)": {"mean": 0.5783737153228793, "sem": 0.016187749248444242}, "BrainBERT (untrained, frozen)": {"mean": 0.5244250177459938, "sem": 0.005144150180983524}, "BrainBERT (frozen; Wang et al. 2023)": {"mean": 0.5243484791310246, "sem": 0.007415594329342383}, "PopulationTransformer (Chau et al. 2024)": {"mean": 0.5087944312335979, "sem": 0.007681552968977143}}, "word_index": {"Linear (raw voltage)": {"mean": 0.7419908318164836, "sem": 0.01706217417466552}, "Linear (spectrogram)": {"mean": 0.6567443057782233, "sem": 0.028960284665726067}, "Linear (Laplacian re-referencing + spectrogram)": {"mean": 0.7401195688759551, "sem": 0.027551903024819198}, "BrainBERT (untrained, frozen)": {"mean": 0.6839721586013092, "sem": 0.026502573659301344}, "BrainBERT (frozen; Wang et al. 2023)": {"mean": 0.6847140248168729, "sem": 0.02695684694427202}, "PopulationTransformer (Chau et al. 2024)": {"mean": 0.5188890819770676, "sem": 0.02252331587611202}}, "word_gap": {"Linear (raw voltage)": {"mean": 0.5952055471492237, "sem": 0.015176809947660687}, "Linear (spectrogram)": {"mean": 0.5794971260814219, "sem": 0.018726723714615746}, "Linear (Laplacian re-referencing + spectrogram)": {"mean": 0.6116517216356449, "sem": 0.014277753094682284}, "BrainBERT (untrained, frozen)": {"mean": 0.5834564895423898, "sem": 0.017381806994343926}, "BrainBERT (frozen; Wang et al. 2023)": {"mean": 0.5840111389543092, "sem": 0.01680136910019498}, "PopulationTransformer (Chau et al. 2024)": {"mean": 0.5091631661026008, "sem": 0.008912265871477535}}, "gpt2_surprisal": {"Linear (raw voltage)": {"mean": 0.584331658438266, "sem": 0.00946795414645923}, "Linear (spectrogram)": {"mean": 0.5703847392871332, "sem": 0.016918345364425845}, "Linear (Laplacian re-referencing + spectrogram)": {"mean": 0.6130867731980356, "sem": 0.016962817946021856}, "BrainBERT (untrained, frozen)": {"mean": 0.5814797127667913, "sem": 0.012613780209809336}, "BrainBERT (frozen; Wang et al. 2023)": {"mean": 0.5799968724199255, "sem": 0.014574424726034868}, "PopulationTransformer (Chau et al. 2024)": {"mean": 0.5226280366163151, "sem": 0.013704189032356269}}, "word_head_pos": {"Linear (raw voltage)": {"mean": 0.570445387755102, "sem": 0.00800728117056913}, "Linear (spectrogram)": {"mean": 0.5649899047619048, "sem": 0.012366476450417309}, "Linear (Laplacian re-referencing + spectrogram)": {"mean": 0.6016399591836735, "sem": 0.01247027198315427}, "BrainBERT (untrained, frozen)": {"mean": 0.5872004897959184, "sem": 0.011857110692272773}, "BrainBERT (frozen; Wang et al. 2023)": {"mean": 0.5845200136054421, "sem": 0.012951283972946643}, "PopulationTransformer (Chau et al. 2024)": {"mean": 0.5188426666666666, "sem": 0.007720415386010635}}, "word_part_speech": {"Linear (raw voltage)": {"mean": 0.5763935904323085, "sem": 0.01249263853843826}, "Linear (spectrogram)": {"mean": 0.558674252103322, "sem": 0.011260184446356888}, "Linear (Laplacian re-referencing + spectrogram)": {"mean": 0.6054697377283453, "sem": 0.011919831457673368}, "BrainBERT (untrained, frozen)": {"mean": 0.5531362205838056, "sem": 0.010271159683171115}, "BrainBERT (frozen; Wang et al. 2023)": {"mean": 0.5555934728204415, "sem": 0.011620449365744996}, "PopulationTransformer (Chau et al. 2024)": {"mean": 0.5126944963602126, "sem": 0.004058222804003422}}, "word_length": {"Linear (raw voltage)": {"mean": 0.5994371223312426, "sem": 0.012587291601930646}, "Linear (spectrogram)": {"mean": 0.5690208388606378, "sem": 0.0168983680309646}, "Linear (Laplacian re-referencing + spectrogram)": {"mean": 0.6175825553762134, "sem": 0.014960976534711299}, "BrainBERT (untrained, frozen)": {"mean": 0.5714815646550936, "sem": 0.012250683148295279}, "BrainBERT (frozen; Wang et al. 2023)": {"mean": 0.5711988171330334, "sem": 0.013058183128080032}, "PopulationTransformer (Chau et al. 2024)": {"mean": 0.5050473493707893, "sem": 0.004810857638855297}}, "global_flow": {"Linear (raw voltage)": {"mean": 0.535044204166768, "sem": 0.009407280057189025}, "Linear (spectrogram)": {"mean": 0.6037980631866574, "sem": 0.0169371782061838}, "Linear (Laplacian re-referencing + spectrogram)": {"mean": 0.6251868197332965, "sem": 0.01330206537283645}, "BrainBERT (untrained, frozen)": {"mean": 0.5282821553112306, "sem": 0.004869733367834634}, "BrainBERT (frozen; Wang et al. 2023)": {"mean": 0.5205156087827265, "sem": 0.005955313947739905}, "PopulationTransformer (Chau et al. 2024)": {"mean": 0.508555610650299, "sem": 0.007765231211018097}}, "local_flow": {"Linear (raw voltage)": {"mean": 0.5442812070552893, "sem": 0.005358020189597282}, "Linear (spectrogram)": {"mean": 0.5925850000337839, "sem": 0.01968389015789845}, "Linear (Laplacian re-referencing + spectrogram)": {"mean": 0.6073124092761063, "sem": 0.017015908437205393}, "BrainBERT (untrained, frozen)": {"mean": 0.5284426233665497, "sem": 0.0031024453064826723}, "BrainBERT (frozen; Wang et al. 2023)": {"mean": 0.5245705647366614, "sem": 0.003489875223100225}, "PopulationTransformer (Chau et al. 2024)": {"mean": 0.5083937477560752, "sem": 0.013979327044003077}}, "frame_brightness": {"Linear (raw voltage)": {"mean": 0.5070834150686895, "sem": 0.013102727243394329}, "Linear (spectrogram)": {"mean": 0.5330230286676451, "sem": 0.01461425212763643}, "Linear (Laplacian re-referencing + spectrogram)": {"mean": 0.5205597952345817, "sem": 0.025252466545846626}, "BrainBERT (untrained, frozen)": {"mean": 0.5043964552066357, "sem": 0.004964689678518626},