{"onset": {"Linear (raw voltage)": {"mean": 0.7277490621203682, "sem": 0.020630952377507415}, "Linear (spectrogram)": {"mean": 0.8612749692344833, "sem": 0.016259892333781768}, "Linear (Laplacian re-referencing + spectrogram)": {"mean": 0.9036630727033673, "sem": 0.01207463889211895}, "BrainBERT (untrained, frozen)": {"mean": 0.7240072077827336, "sem": 0.03022626208713852}, "BrainBERT (frozen; Wang et al. 2023)": {"mean": 0.7429489122759213, "sem": 0.029142715283145378}, "PopulationTransformer (Chau et al. 2024)": {"mean": 0.7740268628001082, "sem": 0.028493086164770514}}, "speech": {"Linear (raw voltage)": {"mean": 0.6114279996781117, "sem": 0.014443389905584676}, "Linear (spectrogram)": {"mean": 0.8492102806137632, "sem": 0.01982773348623554}, "Linear (Laplacian re-referencing + spectrogram)": {"mean": 0.8889927711384855, "sem": 0.017929922387421082}, "BrainBERT (untrained, frozen)": {"mean": 0.602779706930317, "sem": 0.014980181312168274}, "BrainBERT (frozen; Wang et al. 2023)": {"mean": 0.6306939479998476, "sem": 0.01643010624378849}, "PopulationTransformer (Chau et al. 2024)": {"mean": 0.7155957931974998, "sem": 0.027228627672507437}}, "volume": {"Linear (raw voltage)": {"mean": 0.5636218394543576, "sem": 0.0072063549182500705}, "Linear (spectrogram)": {"mean": 0.7268905162148993, "sem": 0.028573932850311578}, "Linear (Laplacian re-referencing + spectrogram)": {"mean": 0.714294577025684, "sem": 0.023401032744636813}, "BrainBERT (untrained, frozen)": {"mean": 0.5602322715368055, "sem": 0.007989213518978267}, "BrainBERT (frozen; Wang et al. 2023)": {"mean": 0.571858451246465, "sem": 0.007658812202305802}, "PopulationTransformer (Chau et al. 2024)": {"mean": 0.5741801194738857, "sem": 0.011576476771102353}}, "delta_volume": {"Linear (raw voltage)": {"mean": 0.70672611006355, "sem": 0.010667856131323532}, "Linear (spectrogram)": {"mean": 0.701929114402935, "sem": 0.025226136493314004}, "Linear (Laplacian re-referencing + spectrogram)": {"mean": 0.7341092256724098, "sem": 0.020123031345484814}, "BrainBERT (untrained, frozen)": {"mean": 0.6799118130298795, "sem": 0.018777343697113747}, "BrainBERT (frozen; Wang et al. 2023)": {"mean": 0.692062527068069, "sem": 0.01991654802783903}, "PopulationTransformer (Chau et al. 2024)": {"mean": 0.6455130480224366, "sem": 0.02220799439632594}}, "pitch": {"Linear (raw voltage)": {"mean": 0.5288602328778633, "sem": 0.005257679699720418}, "Linear (spectrogram)": {"mean": 0.564127377761401, "sem": 0.006872766669224522}, "Linear (Laplacian re-referencing + spectrogram)": {"mean": 0.5791727434139632, "sem": 0.015522757408728305}, "BrainBERT (untrained, frozen)": {"mean": 0.5079385284989484, "sem": 0.004667226050419167}, "BrainBERT (frozen; Wang et al. 2023)": {"mean": 0.5091216400357282, "sem": 0.0047819492811565535}, "PopulationTransformer (Chau et al. 2024)": {"mean": 0.5095126246738702, "sem": 0.008116665063434428}}, "word_index": {"Linear (raw voltage)": {"mean": 0.6643993958022777, "sem": 0.027757772677725553}, "Linear (spectrogram)": {"mean": 0.6481236779468756, "sem": 0.029465681305320453}, "Linear (Laplacian re-referencing + spectrogram)": {"mean": 0.6912789831963272, "sem": 0.027830300120036837}, "BrainBERT (untrained, frozen)": {"mean": 0.6636588763930945, "sem": 0.02905654138533577}, "BrainBERT (frozen; Wang et al. 2023)": {"mean": 0.6607234148777975, "sem": 0.03064661133909258}, "PopulationTransformer (Chau et al. 2024)": {"mean": 0.5585032856322695, "sem": 0.0236828557877731}}, "word_gap": {"Linear (raw voltage)": {"mean": 0.5536480027521927, "sem": 0.011355235290585587}, "Linear (spectrogram)": {"mean": 0.5598728220107847, "sem": 0.015915005205248134}, "Linear (Laplacian re-referencing + spectrogram)": {"mean": 0.5899782918912141, "sem": 0.01625042089617915}, "BrainBERT (untrained, frozen)": {"mean": 0.5635130311797303, "sem": 0.016279927286984727}, "BrainBERT (frozen; Wang et al. 2023)": {"mean": 0.5706204291327058, "sem": 0.01669354025193198}, "PopulationTransformer (Chau et al. 2024)": {"mean": 0.5307998975291376, "sem": 0.006861348746256432}}, "gpt2_surprisal": {"Linear (raw voltage)": {"mean": 0.5614046532313431, "sem": 0.01087870949008204}, "Linear (spectrogram)": {"mean": 0.5674591519387303, "sem": 0.013151236933790389}, "Linear (Laplacian re-referencing + spectrogram)": {"mean": 0.5926018983917113, "sem": 0.012197308993310715}, "BrainBERT (untrained, frozen)": {"mean": 0.5780051325166263, "sem": 0.013251073382615558}, "BrainBERT (frozen; Wang et al. 2023)": {"mean": 0.5801525521211637, "sem": 0.013721617216708802}, "PopulationTransformer (Chau et al. 2024)": {"mean": 0.5556791192579369, "sem": 0.014932272477635011}}, "word_head_pos": {"Linear (raw voltage)": {"mean": 0.537456925170068, "sem": 0.004566967619794869}, "Linear (spectrogram)": {"mean": 0.5570426394557823, "sem": 0.011216279574687632}, "Linear (Laplacian re-referencing + spectrogram)": {"mean": 0.5801306326530612, "sem": 0.008670503246702477}, "BrainBERT (untrained, frozen)": {"mean": 0.5728540952380953, "sem": 0.014737697683525697}, "BrainBERT (frozen; Wang et al. 2023)": {"mean": 0.5715919115646257, "sem": 0.013783991550542678}, "PopulationTransformer (Chau et al. 2024)": {"mean": 0.5241308571428572, "sem": 0.005921369017039661}}, "word_part_speech": {"Linear (raw voltage)": {"mean": 0.5685095630179089, "sem": 0.009121887527863946}, "Linear (spectrogram)": {"mean": 0.5638626504066787, "sem": 0.011937204461256791}, "Linear (Laplacian re-referencing + spectrogram)": {"mean": 0.6099616707863402, "sem": 0.012697803618886479}, "BrainBERT (untrained, frozen)": {"mean": 0.5530680522751564, "sem": 0.01189025915181769}, "BrainBERT (frozen; Wang et al. 2023)": {"mean": 0.5556303806459918, "sem": 0.012380795073813507}, "PopulationTransformer (Chau et al. 2024)": {"mean": 0.5019167070261251, "sem": 0.0052067344621375}}, "word_length": {"Linear (raw voltage)": {"mean": 0.558248950888583, "sem": 0.011008462154456958}, "Linear (spectrogram)": {"mean": 0.5642162491503978, "sem": 0.013646528461066287}, "Linear (Laplacian re-referencing + spectrogram)": {"mean": 0.6087113976067119, "sem": 0.011369950004176841}, "BrainBERT (untrained, frozen)": {"mean": 0.5605236707135127, "sem": 0.012980722999193768}, "BrainBERT (frozen; Wang et al. 2023)": {"mean": 0.5588807061757771, "sem": 0.01301050247305141}, "PopulationTransformer (Chau et al. 2024)": {"mean": 0.5229234827405019, "sem": 0.0055690785013996135}}, "global_flow": {"Linear (raw voltage)": {"mean": 0.527957172126379, "sem": 0.004377091240893335}, "Linear (spectrogram)": {"mean": 0.5804812330013676, "sem": 0.014710750797541515}, "Linear (Laplacian re-referencing + spectrogram)": {"mean": 0.5947874788952631, "sem": 0.01233819133330287}, "BrainBERT (untrained, frozen)": {"mean": 0.5214708313907792, "sem": 0.0033284412969550444}, "BrainBERT (frozen; Wang et al. 2023)": {"mean": 0.5267799468996267, "sem": 0.002618532549551323}, "PopulationTransformer (Chau et al. 2024)": {"mean": 0.5291283826169312, "sem": 0.008489184227104717}}, "local_flow": {"Linear (raw voltage)": {"mean": 0.5226167872938104, "sem": 0.003108316551735578}, "Linear (spectrogram)": {"mean": 0.5755381232415829, "sem": 0.014060536345030787}, "Linear (Laplacian re-referencing + spectrogram)": {"mean": 0.5778507973258876, "sem": 0.009899228993910249}, "BrainBERT (untrained, frozen)": {"mean": 0.5291607515058282, "sem": 0.004445637501850611}, "BrainBERT (frozen; Wang et al. 2023)": {"mean": 0.5339193788905807, "sem": 0.004951611260759647}, "PopulationTransformer (Chau et al. 2024)": {"mean": 0.5276844531934144, "sem": 0.00852510663075322}}, "frame_brightness": {"Linear (raw voltage)": {"mean": 0.4937120631351531, "sem": 0.00850280106173255}, "Linear (spectrogram)": {"mean": 0.5460395397749039, "sem": 0.018481440947515124}, "Linear (Laplacian re-referencing + spectrogram)": {"mean": 0.5353576554969807, "sem": 0.017707441534087164}, "BrainBERT (untrained, frozen)": {"mean": 0.4995197122819402, "sem": 0.0019919782360240884},